Name,Barcode,USN,Phone,Branch,Year,Section
Stdfir1,13001,1BY23IS002,3856441293,ISE,1stYear,A
Stdfir2,13002,1BY23IS003,2815837999,ISE,1stYear,A
Stdfir3,13003,1BY23IS004,4633196919,ISE,1stYear,A
Stdfir4,13004,1BY23IS005,8133633072,ISE,1stYear,A
Stdfir5,13005,1BY23IS006,5694383866,ISE,1stYear,A
Stdfir6,13006,1BY23IS007,1127104851,ISE,1stYear,A
Stdfir7,13007,1BY23IS008,7748258206,ISE,1stYear,A
Stdfir8,13008,1BY23IS009,4587911123,ISE,1stYear,A
Stdfir9,13009,1BY23IS010,4121367711,ISE,1stYear,A
Stdfir10,13010,1BY23IS011,1080274767,ISE,1stYear,A
Stdfir11,13011,1BY23IS012,3092857424,ISE,1stYear,A
Stdfir12,13012,1BY23IS013,4754828781,ISE,1stYear,A
Stdfir13,13013,1BY23IS014,9545440334,ISE,1stYear,A
Stdfir14,13014,1BY23IS015,5983590142,ISE,1stYear,A
Stdfir15,13015,1BY23IS016,7791615322,ISE,1stYear,A
Stdfir16,13016,1BY23IS017,4380128784,ISE,1stYear,A
Stdfir17,13017,1BY23IS018,4406017703,ISE,1stYear,A
Stdfir18,13018,1BY23IS019,1383712322,ISE,1stYear,A
Stdfir19,13019,1BY23IS020,4195581122,ISE,1stYear,A
Stdfir20,13020,1BY23IS021,4110645984,ISE,1stYear,A
Stdfir21,13021,1BY23IS022,3997464096,ISE,1stYear,A
Stdfir22,13022,1BY23IS023,6103568876,ISE,1stYear,A
Stdfir23,13023,1BY23IS024,0497742644,ISE,1stYear,A
Stdfir24,13024,1BY23IS025,8531067725,ISE,1stYear,A
Stdfir25,13025,1BY23IS026,0303178517,ISE,1stYear,A
Stdfir26,13026,1BY23IS027,7061359643,ISE,1stYear,A
Stdfir27,13027,1BY23IS028,7750193936,ISE,1stYear,A
Stdfir28,13028,1BY23IS029,6980122529,ISE,1stYear,A
Stdfir29,13029,1BY23IS030,5602237058,ISE,1stYear,A
Stdfir30,13030,1BY23IS031,8246350698,ISE,1stYear,A
Stdfir31,13031,1BY23IS032,5957114699,ISE,1stYear,A
Stdfir32,13032,1BY23IS033,6048291587,ISE,1stYear,A
Stdfir33,13033,1BY23IS034,3696856525,ISE,1stYear,A
Stdfir34,13034,1BY23IS035,0499033679,ISE,1stYear,A
Stdfir35,13035,1BY23IS036,7360415334,ISE,1stYear,A
Stdfir36,13036,1BY23IS037,5136168063,ISE,1stYear,A
Stdfir37,13037,1BY23IS038,5594527313,ISE,1stYear,A
Stdfir38,13038,1BY23IS039,7008346865,ISE,1stYear,A
Stdfir39,13039,1BY23IS040,4046944322,ISE,1stYear,A
Stdfir40,13040,1BY23IS041,1605320798,ISE,1stYear,A
Stdfir41,13041,1BY23IS042,7612025700,ISE,1stYear,A
Stdfir42,13042,1BY23IS043,8722463183,ISE,1stYear,A
Stdfir43,13043,1BY23IS044,4723561695,ISE,1stYear,A
Stdfir44,13044,1BY23IS045,2271085035,ISE,1stYear,A
Stdfir45,13045,1BY23IS046,2585435014,ISE,1stYear,A
Stdfir46,13046,1BY23IS047,5626439346,ISE,1stYear,A
Stdfir47,13047,1BY23IS048,7660724828,ISE,1stYear,A
Stdfir48,13048,1BY23IS049,0437961341,ISE,1stYear,A
Stdfir49,13049,1BY23IS050,8020297776,ISE,1stYear,A
Stdfir50,13050,1BY23IS051,8249885312,ISE,1stYear,A
Stdfir51,13051,1BY23IS052,9715853649,ISE,1stYear,A
Stdfir52,13052,1BY23IS053,6728305385,ISE,1stYear,A
Stdfir53,13053,1BY23IS054,3250068340,ISE,1stYear,A
Stdfir54,13054,1BY23IS055,3322001351,ISE,1stYear,A
Stdfir55,13055,1BY23IS056,3072141531,ISE,1stYear,A
Stdfir56,13056,1BY23IS057,0156816435,ISE,1stYear,A
Stdfir57,13057,1BY23IS058,5165606965,ISE,1stYear,A
Stdfir58,13058,1BY23IS059,5034414521,ISE,1stYear,A
Stdfir59,13059,1BY23IS060,0891160399,ISE,1stYear,A
Stdfir60,13060,1BY23IS061,0448669247,ISE,1stYear,A
Stdfir61,13061,1BY23IS062,8473355151,ISE,1stYear,B
Stdfir62,13062,1BY23IS063,2285934893,ISE,1stYear,B
Stdfir63,13063,1BY23IS064,1199783426,ISE,1stYear,B
Stdfir64,13064,1BY23IS065,4740842274,ISE,1stYear,B
Stdfir65,13065,1BY23IS066,0823844779,ISE,1stYear,B
Stdfir66,13066,1BY23IS067,2620059008,ISE,1stYear,B
Stdfir67,13067,1BY23IS068,4055503478,ISE,1stYear,B
Stdfir68,13068,1BY23IS069,6032994130,ISE,1stYear,B
Stdfir69,13069,1BY23IS070,1413592295,ISE,1stYear,B
Stdfir70,13070,1BY23IS071,0886726754,ISE,1stYear,B
Stdfir71,13071,1BY23IS072,0819001027,ISE,1stYear,B
Stdfir72,13072,1BY23IS073,3806072209,ISE,1stYear,B
Stdfir73,13073,1BY23IS074,8261444549,ISE,1stYear,B
Stdfir74,13074,1BY23IS075,1983468739,ISE,1stYear,B
Stdfir75,13075,1BY23IS076,2306164842,ISE,1stYear,B
Stdfir76,13076,1BY23IS077,2725627557,ISE,1stYear,B
Stdfir77,13077,1BY23IS078,8364395588,ISE,1stYear,B
Stdfir78,13078,1BY23IS079,2929942108,ISE,1stYear,B
Stdfir79,13079,1BY23IS080,1100826118,ISE,1stYear,B
Stdfir80,13080,1BY23IS081,4452762309,ISE,1stYear,B
Stdfir81,13081,1BY23IS082,7921825622,ISE,1stYear,B
Stdfir82,13082,1BY23IS083,0877810379,ISE,1stYear,B
Stdfir83,13083,1BY23IS084,3254395001,ISE,1stYear,B
Stdfir84,13084,1BY23IS085,0710073190,ISE,1stYear,B
Stdfir85,13085,1BY23IS086,2635594066,ISE,1stYear,B
Stdfir86,13086,1BY23IS087,7949231715,ISE,1stYear,B
Stdfir87,13087,1BY23IS088,4283432217,ISE,1stYear,B
Stdfir88,13088,1BY23IS089,4894859396,ISE,1stYear,B
Stdfir89,13089,1BY23IS090,0565426956,ISE,1stYear,B
Stdfir90,13090,1BY23IS091,4199853291,ISE,1stYear,B
Stdfir91,13091,1BY23IS092,6451706169,ISE,1stYear,B
Stdfir92,13092,1BY23IS093,6471912563,ISE,1stYear,B
Stdfir93,13093,1BY23IS094,6930534196,ISE,1stYear,B
Stdfir94,13094,1BY23IS095,3793356592,ISE,1stYear,B
Stdfir95,13095,1BY23IS096,1397196568,ISE,1stYear,B
Stdfir96,13096,1BY23IS097,7577569284,ISE,1stYear,B
Stdfir97,13097,1BY23IS098,3197571144,ISE,1stYear,B
Stdfir98,13098,1BY23IS099,7140172365,ISE,1stYear,B
Stdfir99,13099,1BY23IS100,8360741893,ISE,1stYear,B
Stdfir100,13100,1BY23IS101,8056288352,ISE,1stYear,B
Stdfir101,13101,1BY23IS102,3487999971,ISE,1stYear,B
Stdfir102,13102,1BY23IS103,9840639380,ISE,1stYear,B
Stdfir103,13103,1BY23IS104,5984860642,ISE,1stYear,B
Stdfir104,13104,1BY23IS105,6197402345,ISE,1stYear,B
Stdfir105,13105,1BY23IS106,1021688968,ISE,1stYear,B
Stdfir106,13106,1BY23IS107,2460755051,ISE,1stYear,B
Stdfir107,13107,1BY23IS108,9917167712,ISE,1stYear,B
Stdfir108,13108,1BY23IS109,0814857417,ISE,1stYear,B
Stdfir109,13109,1BY23IS110,8884864221,ISE,1stYear,B
Stdfir110,13110,1BY23IS111,5220928901,ISE,1stYear,B
Stdfir111,13111,1BY23IS112,9338462959,ISE,1stYear,B
Stdfir112,13112,1BY23IS113,6264416601,ISE,1stYear,B
Stdfir113,13113,1BY23IS114,1846350281,ISE,1stYear,B
Stdfir114,13114,1BY23IS115,3424124090,ISE,1stYear,B
Stdfir115,13115,1BY23IS116,8474234160,ISE,1stYear,B
Stdfir116,13116,1BY23IS117,4321742321,ISE,1stYear,B
Stdfir117,13117,1BY23IS118,3887671648,ISE,1stYear,B
Stdfir118,13118,1BY23IS119,0158511928,ISE,1stYear,B
Stdfir119,13119,1BY23IS120,3039495994,ISE,1stYear,B
Stdfir120,13120,1BY23IS121,0329018226,ISE,1stYear,B
Stdfir121,13121,1BY23IS122,7363662143,ISE,1stYear,C
Stdfir122,13122,1BY23IS123,0562242337,ISE,1stYear,C
Stdfir123,13123,1BY23IS124,0781633373,ISE,1stYear,C
Stdfir124,13124,1BY23IS125,5149855748,ISE,1stYear,C
Stdfir125,13125,1BY23IS126,0980235409,ISE,1stYear,C
Stdfir126,13126,1BY23IS127,4686832403,ISE,1stYear,C
Stdfir127,13127,1BY23IS128,9500007059,ISE,1stYear,C
Stdfir128,13128,1BY23IS129,2492675063,ISE,1stYear,C
Stdfir129,13129,1BY23IS130,1801493421,ISE,1stYear,C
Stdfir130,13130,1BY23IS131,5639622170,ISE,1stYear,C
Stdfir131,13131,1BY23IS132,7557514659,ISE,1stYear,C
Stdfir132,13132,1BY23IS133,2213263814,ISE,1stYear,C
Stdfir133,13133,1BY23IS134,9803686590,ISE,1stYear,C
Stdfir134,13134,1BY23IS135,5986627360,ISE,1stYear,C
Stdfir135,13135,1BY23IS136,0299921113,ISE,1stYear,C
Stdfir136,13136,1BY23IS137,5858573402,ISE,1stYear,C
Stdfir137,13137,1BY23IS138,0888900767,ISE,1stYear,C
Stdfir138,13138,1BY23IS139,6328340691,ISE,1stYear,C
Stdfir139,13139,1BY23IS140,6002352038,ISE,1stYear,C
Stdfir140,13140,1BY23IS141,6533795435,ISE,1stYear,C
Stdfir141,13141,1BY23IS142,2320997310,ISE,1stYear,C
Stdfir142,13142,1BY23IS143,0367259525,ISE,1stYear,C
Stdfir143,13143,1BY23IS144,8492195054,ISE,1stYear,C
Stdfir144,13144,1BY23IS145,5897234876,ISE,1stYear,C
Stdfir145,13145,1BY23IS146,5469492653,ISE,1stYear,C
Stdfir146,13146,1BY23IS147,5145065384,ISE,1stYear,C
Stdfir147,13147,1BY23IS148,2995519394,ISE,1stYear,C
Stdfir148,13148,1BY23IS149,5442783723,ISE,1stYear,C
Stdfir149,13149,1BY23IS150,6064146869,ISE,1stYear,C
Stdfir150,13150,1BY23IS151,5991499580,ISE,1stYear,C
Stdfir151,13151,1BY23IS152,6963133946,ISE,1stYear,C
Stdfir152,13152,1BY23IS153,9041153719,ISE,1stYear,C
Stdfir153,13153,1BY23IS154,1175047234,ISE,1stYear,C
Stdfir154,13154,1BY23IS155,3139470386,ISE,1stYear,C
Stdfir155,13155,1BY23IS156,5656424753,ISE,1stYear,C
Stdfir156,13156,1BY23IS157,7221409807,ISE,1stYear,C
Stdfir157,13157,1BY23IS158,5488974893,ISE,1stYear,C
Stdfir158,13158,1BY23IS159,9472734164,ISE,1stYear,C
Stdfir159,13159,1BY23IS160,7923721218,ISE,1stYear,C
Stdfir160,13160,1BY23IS161,7472442704,ISE,1stYear,C
Stdfir161,13161,1BY23IS162,5922735896,ISE,1stYear,C
Stdfir162,13162,1BY23IS163,1121113330,ISE,1stYear,C
Stdfir163,13163,1BY23IS164,1809247423,ISE,1stYear,C
Stdfir164,13164,1BY23IS165,7790774095,ISE,1stYear,C
Stdfir165,13165,1BY23IS166,8649132176,ISE,1stYear,C
Stdfir166,13166,1BY23IS167,8211287118,ISE,1stYear,C
Stdfir167,13167,1BY23IS168,5514775323,ISE,1stYear,C
Stdfir168,13168,1BY23IS169,4372044559,ISE,1stYear,C
Stdfir169,13169,1BY23IS170,9623492182,ISE,1stYear,C
Stdfir170,13170,1BY23IS171,7964235089,ISE,1stYear,C
Stdfir171,13171,1BY23IS172,2312463917,ISE,1stYear,C
Stdfir172,13172,1BY23IS173,8560495798,ISE,1stYear,C
Stdfir173,13173,1BY23IS174,9755830722,ISE,1stYear,C
Stdfir174,13174,1BY23IS175,7961728471,ISE,1stYear,C
Stdfir175,13175,1BY23IS176,0222379138,ISE,1stYear,C
Stdfir176,13176,1BY23IS177,2744685470,ISE,1stYear,C
Stdfir177,13177,1BY23IS178,5976906995,ISE,1stYear,C
Stdfir178,13178,1BY23IS179,4169098107,ISE,1stYear,C
Stdfir179,13179,1BY23IS180,3325551563,ISE,1stYear,C
Stdfir180,13180,1BY23IS181,1004033959,ISE,1stYear,C
Stdsec1,13201,1BY22IS002,7156450591,ISE,2ndYear,D
Stdsec2,13202,1BY22IS003,5093163044,ISE,2ndYear,D
Stdsec3,13203,1BY22IS004,8330161173,ISE,2ndYear,D
Stdsec4,13204,1BY22IS005,5001627014,ISE,2ndYear,D
Stdsec5,13205,1BY22IS006,7136975764,ISE,2ndYear,D
Stdsec6,13206,1BY22IS007,1162873450,ISE,2ndYear,D
Stdsec7,13207,1BY22IS008,4071846478,ISE,2ndYear,D
Stdsec8,13208,1BY22IS009,2939007874,ISE,2ndYear,D
Stdsec9,13209,1BY22IS010,3153418639,ISE,2ndYear,D
Stdsec10,13210,1BY22IS011,8308181256,ISE,2ndYear,D
Stdsec11,13211,1BY22IS012,4354846178,ISE,2ndYear,D
Stdsec12,13212,1BY22IS013,8493096164,ISE,2ndYear,D
Stdsec13,13213,1BY22IS014,7333679860,ISE,2ndYear,D
Stdsec14,13214,1BY22IS015,2011995391,ISE,2ndYear,D
Stdsec15,13215,1BY22IS016,6095489157,ISE,2ndYear,D
Stdsec16,13216,1BY22IS017,2090216139,ISE,2ndYear,D
Stdsec17,13217,1BY22IS018,1023832965,ISE,2ndYear,D
Stdsec18,13218,1BY22IS019,5219120412,ISE,2ndYear,D
Stdsec19,13219,1BY22IS020,2174311776,ISE,2ndYear,D
Stdsec20,13220,1BY22IS021,3965775870,ISE,2ndYear,D
Stdsec21,13221,1BY22IS022,6700105462,ISE,2ndYear,D
Stdsec22,13222,1BY22IS023,2787165871,ISE,2ndYear,D
Stdsec23,13223,1BY22IS024,4265696941,ISE,2ndYear,D
Stdsec24,13224,1BY22IS025,7855433894,ISE,2ndYear,D
Stdsec25,13225,1BY22IS026,3362501586,ISE,2ndYear,D
Stdsec26,13226,1BY22IS027,7283162431,ISE,2ndYear,D
Stdsec27,13227,1BY22IS028,4313710147,ISE,2ndYear,D
Stdsec28,13228,1BY22IS029,4915071028,ISE,2ndYear,D
Stdsec29,13229,1BY22IS030,6844267075,ISE,2ndYear,D
Stdsec30,13230,1BY22IS031,8438525029,ISE,2ndYear,D
Stdsec31,13231,1BY22IS032,9663780668,ISE,2ndYear,D
Stdsec32,13232,1BY22IS033,9321121751,ISE,2ndYear,D
Stdsec33,13233,1BY22IS034,4954869090,ISE,2ndYear,D
Stdsec34,13234,1BY22IS035,6651480673,ISE,2ndYear,D
Stdsec35,13235,1BY22IS036,0705034555,ISE,2ndYear,D
Stdsec36,13236,1BY22IS037,8143528951,ISE,2ndYear,D
Stdsec37,13237,1BY22IS038,2688422624,ISE,2ndYear,D
Stdsec38,13238,1BY22IS039,3162039541,ISE,2ndYear,D
Stdsec39,13239,1BY22IS040,6586791944,ISE,2ndYear,D
Stdsec40,13240,1BY22IS041,2313664068,ISE,2ndYear,D
Stdsec41,13241,1BY22IS042,1943800433,ISE,2ndYear,D
Stdsec42,13242,1BY22IS043,9758516262,ISE,2ndYear,D
Stdsec43,13243,1BY22IS044,6694071563,ISE,2ndYear,D
Stdsec44,13244,1BY22IS045,7496023505,ISE,2ndYear,D
Stdsec45,13245,1BY22IS046,6408361244,ISE,2ndYear,D
Stdsec46,13246,1BY22IS047,2934846728,ISE,2ndYear,D
Stdsec47,13247,1BY22IS048,8479043967,ISE,2ndYear,D
Stdsec48,13248,1BY22IS049,9459427868,ISE,2ndYear,D
Stdsec49,13249,1BY22IS050,5575519830,ISE,2ndYear,D
Stdsec50,13250,1BY22IS051,1311166699,ISE,2ndYear,D
Stdsec51,13251,1BY22IS052,1435480547,ISE,2ndYear,D
Stdsec52,13252,1BY22IS053,7347258837,ISE,2ndYear,D
Stdsec53,13253,1BY22IS054,4271062800,ISE,2ndYear,D
Stdsec54,13254,1BY22IS055,5657595562,ISE,2ndYear,D
Stdsec55,13255,1BY22IS056,7223657526,ISE,2ndYear,D
Stdsec56,13256,1BY22IS057,2893421036,ISE,2ndYear,D
Stdsec57,13257,1BY22IS058,2146232174,ISE,2ndYear,D
Stdsec58,13258,1BY22IS059,0885330036,ISE,2ndYear,D
Stdsec59,13259,1BY22IS060,3259109531,ISE,2ndYear,D
Stdsec60,13260,1BY22IS061,6394811980,ISE,2ndYear,D
Stdsec61,13261,1BY22IS062,8881638027,ISE,2ndYear,E
Stdsec62,13262,1BY22IS063,3903634657,ISE,2ndYear,E
Stdsec63,13263,1BY22IS064,4361043480,ISE,2ndYear,E
Stdsec64,13264,1BY22IS065,7419431319,ISE,2ndYear,E
Stdsec65,13265,1BY22IS066,2650234669,ISE,2ndYear,E
Stdsec66,13266,1BY22IS067,0239259790,ISE,2ndYear,E
Stdsec67,13267,1BY22IS068,8921984072,ISE,2ndYear,E
Stdsec68,13268,1BY22IS069,3976813483,ISE,2ndYear,E
Stdsec69,13269,1BY22IS070,7072939990,ISE,2ndYear,E
Stdsec70,13270,1BY22IS071,4286626850,ISE,2ndYear,E
Stdsec71,13271,1BY22IS072,8718227297,ISE,2ndYear,E
Stdsec72,13272,1BY22IS073,3585617966,ISE,2ndYear,E
Stdsec73,13273,1BY22IS074,3702725130,ISE,2ndYear,E
Stdsec74,13274,1BY22IS075,4838342869,ISE,2ndYear,E
Stdsec75,13275,1BY22IS076,1352340030,ISE,2ndYear,E
Stdsec76,13276,1BY22IS077,7656085457,ISE,2ndYear,E
Stdsec77,13277,1BY22IS078,6038439619,ISE,2ndYear,E
Stdsec78,13278,1BY22IS079,0497988877,ISE,2ndYear,E
Stdsec79,13279,1BY22IS080,5975270100,ISE,2ndYear,E
Stdsec80,13280,1BY22IS081,1537525468,ISE,2ndYear,E
Stdsec81,13281,1BY22IS082,7004561402,ISE,2ndYear,E
Stdsec82,13282,1BY22IS083,7895624080,ISE,2ndYear,E
Stdsec83,13283,1BY22IS084,4079612552,ISE,2ndYear,E
Stdsec84,13284,1BY22IS085,4378906058,ISE,2ndYear,E
Stdsec85,13285,1BY22IS086,9980125757,ISE,2ndYear,E
Stdsec86,13286,1BY22IS087,8091579351,ISE,2ndYear,E
Stdsec87,13287,1BY22IS088,3933615167,ISE,2ndYear,E
Stdsec88,13288,1BY22IS089,6276771049,ISE,2ndYear,E
Stdsec89,13289,1BY22IS090,2030022507,ISE,2ndYear,E
Stdsec90,13290,1BY22IS091,9813900573,ISE,2ndYear,E
Stdsec91,13291,1BY22IS092,7237403617,ISE,2ndYear,E
Stdsec92,13292,1BY22IS093,6507178817,ISE,2ndYear,E
Stdsec93,13293,1BY22IS094,2578535739,ISE,2ndYear,E
Stdsec94,13294,1BY22IS095,2793528047,ISE,2ndYear,E
Stdsec95,13295,1BY22IS096,9107655350,ISE,2ndYear,E
Stdsec96,13296,1BY22IS097,6864594471,ISE,2ndYear,E
Stdsec97,13297,1BY22IS098,6268241665,ISE,2ndYear,E
Stdsec98,13298,1BY22IS099,9469244450,ISE,2ndYear,E
Stdsec99,13299,1BY22IS100,8539672004,ISE,2ndYear,E
Stdsec100,13300,1BY22IS101,4453294421,ISE,2ndYear,E
Stdsec101,13301,1BY22IS102,9404909083,ISE,2ndYear,E
Stdsec102,13302,1BY22IS103,0161525881,ISE,2ndYear,E
Stdsec103,13303,1BY22IS104,4051933751,ISE,2ndYear,E
Stdsec104,13304,1BY22IS105,8028915696,ISE,2ndYear,E
Stdsec105,13305,1BY22IS106,4192690934,ISE,2ndYear,E
Stdsec106,13306,1BY22IS107,3663253259,ISE,2ndYear,E
Stdsec107,13307,1BY22IS108,0160384481,ISE,2ndYear,E
Stdsec108,13308,1BY22IS109,6702614458,ISE,2ndYear,E
Stdsec109,13309,1BY22IS110,6251915638,ISE,2ndYear,E
Stdsec110,13310,1BY22IS111,8291775915,ISE,2ndYear,E
Stdsec111,13311,1BY22IS112,4788319187,ISE,2ndYear,E
Stdsec112,13312,1BY22IS113,6689262907,ISE,2ndYear,E
Stdsec113,13313,1BY22IS114,1013134470,ISE,2ndYear,E
Stdsec114,13314,1BY22IS115,6630457228,ISE,2ndYear,E
Stdsec115,13315,1BY22IS116,8911757057,ISE,2ndYear,E
Stdsec116,13316,1BY22IS117,6614270935,ISE,2ndYear,E
Stdsec117,13317,1BY22IS118,4443879937,ISE,2ndYear,E
Stdsec118,13318,1BY22IS119,1534501883,ISE,2ndYear,E
Stdsec119,13319,1BY22IS120,3609495838,ISE,2ndYear,E
Stdsec120,13320,1BY22IS121,2580066363,ISE,2ndYear,E
Stdsec121,13321,1BY22IS122,0732333010,ISE,2ndYear,F
Stdsec122,13322,1BY22IS123,0733666521,ISE,2ndYear,F
Stdsec123,13323,1BY22IS124,9593420626,ISE,2ndYear,F
Stdsec124,13324,1BY22IS125,0396151492,ISE,2ndYear,F
Stdsec125,13325,1BY22IS126,8869498190,ISE,2ndYear,F
Stdsec126,13326,1BY22IS127,5358870242,ISE,2ndYear,F
Stdsec127,13327,1BY22IS128,1828118318,ISE,2ndYear,F
Stdsec128,13328,1BY22IS129,9869747036,ISE,2ndYear,F
Stdsec129,13329,1BY22IS130,5721071779,ISE,2ndYear,F
Stdsec130,13330,1BY22IS131,1892458407,ISE,2ndYear,F
Stdsec131,13331,1BY22IS132,3531688124,ISE,2ndYear,F
Stdsec132,13332,1BY22IS133,9857958036,ISE,2ndYear,F
Stdsec133,13333,1BY22IS134,7169875299,ISE,2ndYear,F
Stdsec134,13334,1BY22IS135,4917117797,ISE,2ndYear,F
Stdsec135,13335,1BY22IS136,9365885630,ISE,2ndYear,F
Stdsec136,13336,1BY22IS137,5020317231,ISE,2ndYear,F
Stdsec137,13337,1BY22IS138,1213861508,ISE,2ndYear,F
Stdsec138,13338,1BY22IS139,2157588707,ISE,2ndYear,F
Stdsec139,13339,1BY22IS140,5695379821,ISE,2ndYear,F
Stdsec140,13340,1BY22IS141,6612151003,ISE,2ndYear,F
Stdsec141,13341,1BY22IS142,5726246755,ISE,2ndYear,F
Stdsec142,13342,1BY22IS143,6913619259,ISE,2ndYear,F
Stdsec143,13343,1BY22IS144,9489351409,ISE,2ndYear,F
Stdsec144,13344,1BY22IS145,7663999871,ISE,2ndYear,F
Stdsec145,13345,1BY22IS146,6691019543,ISE,2ndYear,F
Stdsec146,13346,1BY22IS147,1515034157,ISE,2ndYear,F
Stdsec147,13347,1BY22IS148,6315968827,ISE,2ndYear,F
Stdsec148,13348,1BY22IS149,9197008809,ISE,2ndYear,F
Stdsec149,13349,1BY22IS150,3196615565,ISE,2ndYear,F
Stdsec150,13350,1BY22IS151,3406158650,ISE,2ndYear,F
Stdsec151,13351,1BY22IS152,4630268548,ISE,2ndYear,F
Stdsec152,13352,1BY22IS153,4853285565,ISE,2ndYear,F
Stdsec153,13353,1BY22IS154,8575087612,ISE,2ndYear,F
Stdsec154,13354,1BY22IS155,3970595792,ISE,2ndYear,F
Stdsec155,13355,1BY22IS156,6652785156,ISE,2ndYear,F
Stdsec156,13356,1BY22IS157,8723354873,ISE,2ndYear,F
Stdsec157,13357,1BY22IS158,5464583728,ISE,2ndYear,F
Stdsec158,13358,1BY22IS159,2511759379,ISE,2ndYear,F
Stdsec159,13359,1BY22IS160,8258898230,ISE,2ndYear,F
Stdsec160,13360,1BY22IS161,4896257944,ISE,2ndYear,F
Stdsec161,13361,1BY22IS162,4722228791,ISE,2ndYear,F
Stdsec162,13362,1BY22IS163,7077007570,ISE,2ndYear,F
Stdsec163,13363,1BY22IS164,7862974274,ISE,2ndYear,F
Stdsec164,13364,1BY22IS165,9432732096,ISE,2ndYear,F
Stdsec165,13365,1BY22IS166,0197602023,ISE,2ndYear,F
Stdsec166,13366,1BY22IS167,7320475486,ISE,2ndYear,F
Stdsec167,13367,1BY22IS168,0082787534,ISE,2ndYear,F
Stdsec168,13368,1BY22IS169,4019536039,ISE,2ndYear,F
Stdsec169,13369,1BY22IS170,2729126904,ISE,2ndYear,F
Stdsec170,13370,1BY22IS171,5419060882,ISE,2ndYear,F
Stdsec171,13371,1BY22IS172,5354332169,ISE,2ndYear,F
Stdsec172,13372,1BY22IS173,4263933161,ISE,2ndYear,F
Stdsec173,13373,1BY22IS174,8193891961,ISE,2ndYear,F
Stdsec174,13374,1BY22IS175,6868018433,ISE,2ndYear,F
Stdsec175,13375,1BY22IS176,8658810913,ISE,2ndYear,F
Stdsec176,13376,1BY22IS177,6232715032,ISE,2ndYear,F
Stdsec177,13377,1BY22IS178,1520747766,ISE,2ndYear,F
Stdsec178,13378,1BY22IS179,2859331763,ISE,2ndYear,F
Stdsec179,13379,1BY22IS180,7929517054,ISE,2ndYear,F
Stdsec180,13380,1BY22IS181,9001113909,ISE,2ndYear,F
Stdtrd1,13401,1BY21IS002,7167514768,ISE,3ndYear,G
Stdtrd2,13402,1BY21IS003,5273310685,ISE,3ndYear,G
Stdtrd3,13403,1BY21IS004,2137884805,ISE,3ndYear,G
Stdtrd4,13404,1BY21IS005,1413579991,ISE,3ndYear,G
Stdtrd5,13405,1BY21IS006,5938861317,ISE,3ndYear,G
Stdtrd6,13406,1BY21IS007,9894376028,ISE,3ndYear,G
Stdtrd7,13407,1BY21IS008,6972603632,ISE,3ndYear,G
Stdtrd8,13408,1BY21IS009,9080360388,ISE,3ndYear,G
Stdtrd9,13409,1BY21IS010,2439620125,ISE,3ndYear,G
asdsads,12375,1BY21IS030,4661646466,ISE,3ndYear,G
Stdtrd10,13410,1BY21IS011,8152526734,ISE,3ndYear,G
Stdtrd11,13411,1BY21IS012,2376896624,ISE,3ndYear,G
Stdtrd12,13412,1BY21IS013,1637374485,ISE,3ndYear,G
Stdtrd13,13413,1BY21IS014,7048642922,ISE,3ndYear,G
Stdtrd14,13414,1BY21IS015,9103085291,ISE,3ndYear,G
Stdtrd15,13415,1BY21IS016,5664505063,ISE,3ndYear,G
Stdtrd16,13416,1BY21IS017,3083883639,ISE,3ndYear,G
Stdtrd17,13417,1BY21IS018,2475197898,ISE,3ndYear,G
Stdtrd18,13418,1BY21IS019,8389962753,ISE,3ndYear,G
Stdtrd19,13419,1BY21IS020,3434834273,ISE,3ndYear,G
Stdtrd20,13420,1BY21IS021,1904867137,ISE,3ndYear,G
Stdtrd21,13421,1BY21IS022,3778987476,ISE,3ndYear,G
Stdtrd22,13422,1BY21IS023,7151363590,ISE,3ndYear,G
Stdtrd23,13423,1BY21IS024,7617385453,ISE,3ndYear,G
Stdtrd24,13424,1BY21IS025,0550671311,ISE,3ndYear,G
Stdtrd25,13425,1BY21IS026,9295570447,ISE,3ndYear,G
Stdtrd26,13426,1BY21IS027,4801686683,ISE,3ndYear,G
Stdtrd27,13427,1BY21IS028,7983439080,ISE,3ndYear,G
Stdtrd28,13428,1BY21IS029,5443039561,ISE,3ndYear,G

Stdtrd30,13430,1BY21IS031,7353089161,ISE,3ndYear,G
Stdtrd31,13431,1BY21IS032,3872706693,ISE,3ndYear,G
Stdtrd32,13432,1BY21IS033,5106394680,ISE,3ndYear,G
Stdtrd33,13433,1BY21IS034,4418729587,ISE,3ndYear,G
Stdtrd34,13434,1BY21IS035,2206999758,ISE,3ndYear,G
Stdtrd35,13435,1BY21IS036,1783543771,ISE,3ndYear,G
Stdtrd36,13436,1BY21IS037,0793309377,ISE,3ndYear,G
Stdtrd37,13437,1BY21IS031,8334411115,ISE,3ndYear,G
Stdtrd38,13438,1BY21IS039,8564032304,ISE,3ndYear,G
Stdtrd39,13439,1BY21IS040,2260948093,ISE,3ndYear,G
Stdtrd40,13440,1BY21IS041,5718022590,ISE,3ndYear,G
Stdtrd41,13441,1BY21IS042,8717030677,ISE,3ndYear,G
Stdtrd42,13442,1BY21IS043,8562205187,ISE,3ndYear,G
Stdtrd43,13443,1BY21IS044,1814990141,ISE,3ndYear,G
Stdtrd44,13444,1BY21IS045,5146343549,ISE,3ndYear,G
Stdtrd45,13445,1BY21IS046,9697437848,ISE,3ndYear,G
Stdtrd46,13446,1BY21IS047,6891477565,ISE,3ndYear,G
Stdtrd47,13447,1BY21IS048,7991718209,ISE,3ndYear,G
Stdtrd48,13448,1BY21IS049,4486929364,ISE,3ndYear,G
Stdtrd49,13449,1BY21IS050,9644952472,ISE,3ndYear,G
Stdtrd50,13450,1BY21IS051,0845608698,ISE,3ndYear,G
Stdtrd51,13451,1BY21IS052,2959443951,ISE,3ndYear,G
Stdtrd52,13452,1BY21IS053,5980446998,ISE,3ndYear,G
Stdtrd53,13453,1BY21IS054,3292413177,ISE,3ndYear,G
Stdtrd54,13454,1BY21IS055,2913650787,ISE,3ndYear,G
Stdtrd55,13455,1BY21IS056,8155580955,ISE,3ndYear,G
Stdtrd56,13456,1BY21IS057,2675635380,ISE,3ndYear,G
Stdtrd57,13457,1BY21IS058,9760138153,ISE,3ndYear,G
Stdtrd58,13458,1BY21IS059,7127007752,ISE,3ndYear,G
Stdtrd59,13459,1BY21IS060,7298231281,ISE,3ndYear,G
Stdtrd60,13460,1BY21IS061,4755273774,ISE,3ndYear,G
Stdtrd61,13461,1BY21IS062,6497908420,ISE,3ndYear,H
Stdtrd62,13462,1BY21IS063,4422610479,ISE,3ndYear,H
Stdtrd63,13463,1BY21IS064,8655944029,ISE,3ndYear,H
Stdtrd64,13464,1BY21IS065,4580969056,ISE,3ndYear,H
Stdtrd65,13465,1BY21IS066,6288273909,ISE,3ndYear,H
Stdtrd66,13466,1BY21IS067,1200363516,ISE,3ndYear,H
Stdtrd67,13467,1BY21IS068,0978469706,ISE,3ndYear,H
Stdtrd68,13468,1BY21IS069,8803951715,ISE,3ndYear,H
Stdtrd69,13469,1BY21IS070,4894306210,ISE,3ndYear,H
Stdtrd70,13470,1BY21IS071,0622051870,ISE,3ndYear,H
Stdtrd71,13471,1BY21IS072,9489749857,ISE,3ndYear,H
Stdtrd72,13472,1BY21IS073,1821201351,ISE,3ndYear,H
Stdtrd73,13473,1BY21IS074,2334807739,ISE,3ndYear,H
Stdtrd74,13474,1BY21IS075,5535212431,ISE,3ndYear,H
Stdtrd75,13475,1BY21IS076,9471329438,ISE,3ndYear,H
Stdtrd76,13476,1BY21IS077,4600402665,ISE,3ndYear,H
Stdtrd77,13477,1BY21IS078,1137520914,ISE,3ndYear,H
Stdtrd78,13478,1BY21IS079,2898293683,ISE,3ndYear,H
Stdtrd79,13479,1BY21IS080,8644938099,ISE,3ndYear,H
Stdtrd80,13480,1BY21IS081,4963934128,ISE,3ndYear,H
Stdtrd81,13481,1BY21IS082,6030160009,ISE,3ndYear,H
Stdtrd82,13482,1BY21IS083,2965719201,ISE,3ndYear,H
Stdtrd83,13483,1BY21IS084,4769269567,ISE,3ndYear,H
Stdtrd84,13484,1BY21IS085,1877598853,ISE,3ndYear,H
Stdtrd85,13485,1BY21IS086,0983086607,ISE,3ndYear,H
Stdtrd86,13486,1BY21IS087,5374127363,ISE,3ndYear,H
Stdtrd87,13487,1BY21IS088,8307305594,ISE,3ndYear,H
Stdtrd88,13488,1BY21IS089,9240976366,ISE,3ndYear,H
Stdtrd89,13489,1BY21IS090,4590246222,ISE,3ndYear,H
Stdtrd90,13490,1BY21IS091,6616600336,ISE,3ndYear,H
Stdtrd91,13491,1BY21IS092,4492804497,ISE,3ndYear,H
Stdtrd92,13492,1BY21IS093,4192312287,ISE,3ndYear,H
Stdtrd93,13493,1BY21IS094,1654454322,ISE,3ndYear,H
Stdtrd94,13494,1BY21IS095,3391519627,ISE,3ndYear,H
Stdtrd95,13495,1BY21IS096,2954199900,ISE,3ndYear,H
Stdtrd96,13496,1BY21IS097,3398897665,ISE,3ndYear,H
Stdtrd97,13497,1BY21IS098,6307733816,ISE,3ndYear,H
Stdtrd98,13498,1BY21IS099,4344719075,ISE,3ndYear,H
Stdtrd99,13499,1BY21IS100,8386961213,ISE,3ndYear,H
Stdtrd100,13500,1BY21IS101,9383225866,ISE,3ndYear,H
Stdtrd101,13501,1BY21IS102,0814858714,ISE,3ndYear,H
Stdtrd102,13502,1BY21IS103,1183950766,ISE,3ndYear,H
Stdtrd103,13503,1BY21IS104,4788724739,ISE,3ndYear,H
Stdtrd104,13504,1BY21IS105,0319530465,ISE,3ndYear,H
Stdtrd105,13505,1BY21IS106,6378356890,ISE,3ndYear,H
Stdtrd106,13506,1BY21IS107,2498530462,ISE,3ndYear,H
Stdtrd107,13507,1BY21IS108,6561401714,ISE,3ndYear,H
Stdtrd108,13508,1BY21IS109,3160081442,ISE,3ndYear,H
Stdtrd109,13509,1BY21IS110,1907780178,ISE,3ndYear,H
Stdtrd110,13510,1BY21IS111,5945249150,ISE,3ndYear,H
Stdtrd111,13511,1BY21IS112,3752992214,ISE,3ndYear,H
Stdtrd112,13512,1BY21IS113,1258978528,ISE,3ndYear,H
Stdtrd113,13513,1BY21IS114,1083862742,ISE,3ndYear,H
Stdtrd114,13514,1BY21IS115,3772290576,ISE,3ndYear,H
Stdtrd115,13515,1BY21IS116,4948876292,ISE,3ndYear,H
Stdtrd116,13516,1BY21IS117,7217149018,ISE,3ndYear,H
Stdtrd117,13517,1BY21IS118,6959662954,ISE,3ndYear,H
Stdtrd118,13518,1BY21IS119,9120806621,ISE,3ndYear,H
Stdtrd119,13519,1BY21IS120,7677120351,ISE,3ndYear,H
Stdtrd120,13520,1BY21IS121,1813950576,ISE,3ndYear,H
Stdtrd121,13521,1BY21IS122,2435389417,ISE,3ndYear,I
Stdtrd122,13522,1BY21IS123,3606343491,ISE,3ndYear,I
Stdtrd123,13523,1BY21IS124,9715686065,ISE,3ndYear,I
Stdtrd124,13524,1BY21IS125,1106501157,ISE,3ndYear,I
Stdtrd125,13525,1BY21IS126,7345378870,ISE,3ndYear,I
Stdtrd126,13526,1BY21IS127,4718391910,ISE,3ndYear,I
Stdtrd127,13527,1BY21IS128,4405584115,ISE,3ndYear,I
Stdtrd128,13528,1BY21IS129,1009273591,ISE,3ndYear,I
Stdtrd129,13529,1BY21IS130,5850076716,ISE,3ndYear,I
Stdtrd130,13530,1BY21IS131,9539196152,ISE,3ndYear,I
Stdtrd131,13531,1BY21IS132,1878106849,ISE,3ndYear,I
Stdtrd132,13532,1BY21IS133,2711633476,ISE,3ndYear,I
Stdtrd133,13533,1BY21IS134,7142108297,ISE,3ndYear,I
Stdtrd134,13534,1BY21IS135,2263935503,ISE,3ndYear,I
Stdtrd135,13535,1BY21IS136,3916879214,ISE,3ndYear,I
Stdtrd136,13536,1BY21IS137,6294048191,ISE,3ndYear,I
Stdtrd137,13537,1BY21IS138,8065655062,ISE,3ndYear,I
Stdtrd138,13538,1BY21IS139,4664162349,ISE,3ndYear,I
Stdtrd139,13539,1BY21IS140,7305769909,ISE,3ndYear,I
Stdtrd140,13540,1BY21IS141,5626654387,ISE,3ndYear,I
Stdtrd141,13541,1BY21IS142,0474474096,ISE,3ndYear,I
Stdtrd142,13542,1BY21IS143,2736868811,ISE,3ndYear,I
Stdtrd143,13543,1BY21IS144,6173533917,ISE,3ndYear,I
Stdtrd144,13544,1BY21IS145,3479628276,ISE,3ndYear,I
Stdtrd145,13545,1BY21IS146,2530547613,ISE,3ndYear,I
Stdtrd146,13546,1BY21IS147,3526742358,ISE,3ndYear,I
Stdtrd147,13547,1BY21IS148,6609304519,ISE,3ndYear,I
Stdtrd148,13548,1BY21IS149,3754963160,ISE,3ndYear,I
Stdtrd149,13549,1BY21IS150,7834931999,ISE,3ndYear,I
Stdtrd150,13550,1BY21IS151,2418076138,ISE,3ndYear,I
Stdtrd151,13551,1BY21IS152,5639670668,ISE,3ndYear,I
Stdtrd152,13552,1BY21IS153,0655744987,ISE,3ndYear,I
Stdtrd153,13553,1BY21IS154,0827230663,ISE,3ndYear,I
Stdtrd154,13554,1BY21IS155,1293121376,ISE,3ndYear,I
Stdtrd155,13555,1BY21IS156,9092301863,ISE,3ndYear,I
Stdtrd156,13556,1BY21IS157,0594872129,ISE,3ndYear,I
Stdtrd157,13557,1BY21IS158,7602918767,ISE,3ndYear,I
Stdtrd158,13558,1BY21IS159,5055632330,ISE,3ndYear,I
Stdtrd159,13559,1BY21IS160,5197371020,ISE,3ndYear,I
Stdtrd160,13560,1BY21IS161,2027948731,ISE,3ndYear,I
Stdtrd161,13561,1BY21IS162,3043418933,ISE,3ndYear,I
Stdtrd162,13562,1BY21IS163,7741854798,ISE,3ndYear,I
Stdtrd163,13563,1BY21IS164,6086131524,ISE,3ndYear,I
Stdtrd164,13564,1BY21IS165,3383125203,ISE,3ndYear,I
Stdtrd165,13565,1BY21IS166,6420848957,ISE,3ndYear,I
Stdtrd166,13566,1BY21IS167,3902104977,ISE,3ndYear,I
Stdtrd167,13567,1BY21IS168,9607908004,ISE,3ndYear,I
Stdtrd168,13568,1BY21IS169,0483570086,ISE,3ndYear,I
Stdtrd169,13569,1BY21IS170,2250338543,ISE,3ndYear,I
Stdtrd170,13570,1BY21IS171,8594847694,ISE,3ndYear,I
Stdtrd171,13571,1BY21IS172,2530691776,ISE,3ndYear,I
Stdtrd172,13572,1BY21IS173,8502733128,ISE,3ndYear,I
Stdtrd173,13573,1BY21IS174,6612573902,ISE,3ndYear,I
Stdtrd174,13574,1BY21IS175,1214529667,ISE,3ndYear,I
Stdtrd175,13575,1BY21IS176,3466858515,ISE,3ndYear,I
Stdtrd176,13576,1BY21IS177,5145289878,ISE,3ndYear,I
Stdtrd177,13577,1BY21IS178,4927657693,ISE,3ndYear,I
Stdtrd178,13578,1BY21IS179,6041050343,ISE,3ndYear,I
Stdtrd179,13579,1BY21IS180,3333284502,ISE,3ndYear,I
Stdtrd180,13580,1BY21IS181,3648459276,ISE,3ndYear,I
Stdfth1,13601,1BY20IS002,9300945461,ISE,4thYear,J
Stdfth2,13602,1BY20IS003,3610466529,ISE,4thYear,J
Stdfth3,13603,1BY20IS004,5945204877,ISE,4thYear,J
Stdfth4,13604,1BY20IS005,9177008868,ISE,4thYear,J
Stdfth5,13605,1BY20IS006,3375048505,ISE,4thYear,J
Stdfth6,13606,1BY20IS007,5144170198,ISE,4thYear,J
Stdfth7,13607,1BY20IS008,8723124827,ISE,4thYear,J
Stdfth8,13608,1BY20IS009,4324814508,ISE,4thYear,J
Stdfth9,13609,1BY20IS010,5693844482,ISE,4thYear,J
Stdfth10,13610,1BY20IS011,8339826151,ISE,4thYear,J
Stdfth11,13611,1BY20IS012,8562283140,ISE,4thYear,J
Stdfth12,13612,1BY20IS013,8839277386,ISE,4thYear,J
Stdfth13,13613,1BY20IS014,9860284032,ISE,4thYear,J
Stdfth14,13614,1BY20IS015,0202572655,ISE,4thYear,J
Stdfth15,13615,1BY20IS016,5037628682,ISE,4thYear,J
Stdfth16,13616,1BY20IS017,5959169547,ISE,4thYear,J
Stdfth17,13617,1BY20IS018,1936313302,ISE,4thYear,J
Stdfth18,13618,1BY20IS019,0297998787,ISE,4thYear,J
Stdfth19,13619,1BY20IS020,2492546121,ISE,4thYear,J
Stdfth20,13620,1BY20IS021,0738100746,ISE,4thYear,J
Stdfth21,13621,1BY20IS022,7703781516,ISE,4thYear,J
Stdfth22,13622,1BY20IS023,7434551636,ISE,4thYear,J
Stdfth23,13623,1BY20IS024,1539731575,ISE,4thYear,J
Stdfth24,13624,1BY20IS025,5432883174,ISE,4thYear,J
Stdfth25,13625,1BY20IS026,9338328857,ISE,4thYear,J
Stdfth26,13626,1BY20IS027,9674809437,ISE,4thYear,J
Stdfth27,13627,1BY20IS028,5176271806,ISE,4thYear,J
Stdfth28,13628,1BY20IS029,2103720128,ISE,4thYear,J
Stdfth29,13629,1BY20IS030,1146211691,ISE,4thYear,J
Stdfth30,13630,1BY20IS031,3086169176,ISE,4thYear,J
Stdfth31,13631,1BY20IS032,4283284534,ISE,4thYear,J
Stdfth32,13632,1BY20IS033,5276569602,ISE,4thYear,J
Stdfth33,13633,1BY20IS034,8310393621,ISE,4thYear,J
Stdfth34,13634,1BY20IS035,1961744941,ISE,4thYear,J
Stdfth35,13635,1BY20IS036,4274198619,ISE,4thYear,J
Stdfth36,13636,1BY20IS037,8508008714,ISE,4thYear,J
Stdfth37,13637,1BY20IS038,5250839199,ISE,4thYear,J
Stdfth38,13638,1BY20IS039,9015431869,ISE,4thYear,J
Stdfth39,13639,1BY20IS040,9159851926,ISE,4thYear,J
Stdfth40,13640,1BY20IS041,7718809444,ISE,4thYear,J
Stdfth41,13641,1BY20IS042,7901562634,ISE,4thYear,J
Stdfth42,13642,1BY20IS043,8761382115,ISE,4thYear,J
Stdfth43,13643,1BY20IS044,5894166115,ISE,4thYear,J
Stdfth44,13644,1BY20IS045,7643662901,ISE,4thYear,J
Stdfth45,13645,1BY20IS046,1814700083,ISE,4thYear,J
Stdfth46,13646,1BY20IS047,5749060218,ISE,4thYear,J
Stdfth47,13647,1BY20IS048,6044983142,ISE,4thYear,J
Stdfth48,13648,1BY20IS049,1077550274,ISE,4thYear,J
Stdfth49,13649,1BY20IS050,3831304169,ISE,4thYear,J
Stdfth50,13650,1BY20IS051,9118416076,ISE,4thYear,J
Stdfth51,13651,1BY20IS052,4516368646,ISE,4thYear,J
Stdfth52,13652,1BY20IS053,3535107987,ISE,4thYear,J
Stdfth53,13653,1BY20IS054,9377470071,ISE,4thYear,J
Stdfth54,13654,1BY20IS055,6329538409,ISE,4thYear,J
Stdfth55,13655,1BY20IS056,3209331143,ISE,4thYear,J
Stdfth56,13656,1BY20IS057,3262425590,ISE,4thYear,J
Stdfth57,13657,1BY20IS058,8158209622,ISE,4thYear,J
Stdfth58,13658,1BY20IS059,5729435050,ISE,4thYear,J
Stdfth59,13659,1BY20IS060,7668596895,ISE,4thYear,J
Stdfth60,13660,1BY20IS061,7077678800,ISE,4thYear,J
Stdfth61,13661,1BY20IS062,9201189981,ISE,4thYear,K
Stdfth62,13662,1BY20IS063,6443258423,ISE,4thYear,K
Stdfth63,13663,1BY20IS064,5826940146,ISE,4thYear,K
Stdfth64,13664,1BY20IS065,5786080084,ISE,4thYear,K
Stdfth65,13665,1BY20IS066,2085718543,ISE,4thYear,K
Stdfth66,13666,1BY20IS067,4674818177,ISE,4thYear,K
Stdfth67,13667,1BY20IS068,3991856784,ISE,4thYear,K
Stdfth68,13668,1BY20IS069,7719904055,ISE,4thYear,K
Stdfth69,13669,1BY20IS070,7325226360,ISE,4thYear,K
Stdfth70,13670,1BY20IS071,8299842893,ISE,4thYear,K
Stdfth71,13671,1BY20IS072,5209764469,ISE,4thYear,K
Stdfth72,13672,1BY20IS073,5033570679,ISE,4thYear,K
Stdfth73,13673,1BY20IS074,4036101108,ISE,4thYear,K
Stdfth74,13674,1BY20IS075,2681010807,ISE,4thYear,K
Stdfth75,13675,1BY20IS076,2613980326,ISE,4thYear,K
Stdfth76,13676,1BY20IS077,2740978379,ISE,4thYear,K
Stdfth77,13677,1BY20IS078,6756257805,ISE,4thYear,K
Stdfth78,13678,1BY20IS079,5504415816,ISE,4thYear,K
Stdfth79,13679,1BY20IS080,2266839448,ISE,4thYear,K
Stdfth80,13680,1BY20IS081,7510102691,ISE,4thYear,K
Stdfth81,13681,1BY20IS082,5330871850,ISE,4thYear,K
Stdfth82,13682,1BY20IS083,8105843476,ISE,4thYear,K
Stdfth83,13683,1BY20IS084,1004985646,ISE,4thYear,K
Stdfth84,13684,1BY20IS085,1828746862,ISE,4thYear,K
Stdfth85,13685,1BY20IS086,7624652889,ISE,4thYear,K
Stdfth86,13686,1BY20IS087,1814139891,ISE,4thYear,K
Stdfth87,13687,1BY20IS088,0979583713,ISE,4thYear,K
Stdfth88,13688,1BY20IS089,9410432459,ISE,4thYear,K
Stdfth89,13689,1BY20IS090,0504966650,ISE,4thYear,K
Stdfth90,13690,1BY20IS091,9436741799,ISE,4thYear,K
Stdfth91,13691,1BY20IS092,0095528833,ISE,4thYear,K
Stdfth92,13692,1BY20IS093,5100821843,ISE,4thYear,K
Stdfth93,13693,1BY20IS094,1516541245,ISE,4thYear,K
Stdfth94,13694,1BY20IS095,9547708470,ISE,4thYear,K
Stdfth95,13695,1BY20IS096,8986661104,ISE,4thYear,K
Stdfth96,13696,1BY20IS097,5694929022,ISE,4thYear,K
Stdfth97,13697,1BY20IS098,2744228946,ISE,4thYear,K
Stdfth98,13698,1BY20IS099,9994598395,ISE,4thYear,K
Stdfth99,13699,1BY20IS100,8330338865,ISE,4thYear,K
Stdfth100,13700,1BY20IS101,5272584040,ISE,4thYear,K
Stdfth101,13701,1BY20IS102,2556111920,ISE,4thYear,K
Stdfth102,13702,1BY20IS103,5777120940,ISE,4thYear,K
Stdfth103,13703,1BY20IS104,7787203845,ISE,4thYear,K
Stdfth104,13704,1BY20IS105,6708821700,ISE,4thYear,K
Stdfth105,13705,1BY20IS106,1188182220,ISE,4thYear,K
Stdfth106,13706,1BY20IS107,0926192537,ISE,4thYear,K
Stdfth107,13707,1BY20IS108,9926342544,ISE,4thYear,K
Stdfth108,13708,1BY20IS109,8625278509,ISE,4thYear,K
Stdfth109,13709,1BY20IS110,3044215331,ISE,4thYear,K
Stdfth110,13710,1BY20IS111,0107419839,ISE,4thYear,K
Stdfth111,13711,1BY20IS112,0501441965,ISE,4thYear,K
Stdfth112,13712,1BY20IS113,1774769470,ISE,4thYear,K
Stdfth113,13713,1BY20IS114,3166652858,ISE,4thYear,K
Stdfth114,13714,1BY20IS115,1952182051,ISE,4thYear,K
Stdfth115,13715,1BY20IS116,7426442853,ISE,4thYear,K
Stdfth116,13716,1BY20IS117,6266228447,ISE,4thYear,K
Stdfth117,13717,1BY20IS118,0350682856,ISE,4thYear,K
Stdfth118,13718,1BY20IS119,8507413822,ISE,4thYear,K
Stdfth119,13719,1BY20IS120,9331306077,ISE,4thYear,K
Stdfth120,13720,1BY20IS121,1967330851,ISE,4thYear,K
Stdfth121,13721,1BY20IS122,0132791918,ISE,4thYear,L
Stdfth122,13722,1BY20IS123,1834804320,ISE,4thYear,L
Stdfth123,13723,1BY20IS124,0648558721,ISE,4thYear,L
Stdfth124,13724,1BY20IS125,3607068179,ISE,4thYear,L
Stdfth125,13725,1BY20IS126,2455613222,ISE,4thYear,L
Stdfth126,13726,1BY20IS127,9937788299,ISE,4thYear,L
Stdfth127,13727,1BY20IS128,6389053232,ISE,4thYear,L
Stdfth128,13728,1BY20IS129,1431507057,ISE,4thYear,L
Stdfth129,13729,1BY20IS130,8523322473,ISE,4thYear,L
Stdfth130,13730,1BY20IS131,4666895868,ISE,4thYear,L
Stdfth131,13731,1BY20IS132,4172381845,ISE,4thYear,L
Stdfth132,13732,1BY20IS133,3185442121,ISE,4thYear,L
Stdfth133,13733,1BY20IS134,4962353608,ISE,4thYear,L
Stdfth134,13734,1BY20IS135,4245643595,ISE,4thYear,L
Stdfth135,13735,1BY20IS136,6487512668,ISE,4thYear,L
Stdfth136,13736,1BY20IS137,4998923219,ISE,4thYear,L
Stdfth137,13737,1BY20IS138,8622883245,ISE,4thYear,L
Stdfth138,13738,1BY20IS139,5327528578,ISE,4thYear,L
Stdfth139,13739,1BY20IS140,8031753768,ISE,4thYear,L
Stdfth140,13740,1BY20IS141,1939094834,ISE,4thYear,L
Stdfth141,13741,1BY20IS142,2133251162,ISE,4thYear,L
Stdfth142,13742,1BY20IS143,5427504449,ISE,4thYear,L
Stdfth143,13743,1BY20IS144,1062229691,ISE,4thYear,L
Stdfth144,13744,1BY20IS145,9486313719,ISE,4thYear,L
Stdfth145,13745,1BY20IS146,3567515007,ISE,4thYear,L
Stdfth146,13746,1BY20IS147,7847121238,ISE,4thYear,L
Stdfth147,13747,1BY20IS148,2913053735,ISE,4thYear,L
Stdfth148,13748,1BY20IS149,5851054512,ISE,4thYear,L
Stdfth149,13749,1BY20IS150,8697511368,ISE,4thYear,L
Stdfth150,13750,1BY20IS151,6891952184,ISE,4thYear,L
Stdfth151,13751,1BY20IS152,2646903047,ISE,4thYear,L
Stdfth152,13752,1BY20IS153,3258148520,ISE,4thYear,L
Stdfth153,13753,1BY20IS154,5955509689,ISE,4thYear,L
Stdfth154,13754,1BY20IS155,5974146742,ISE,4thYear,L
Stdfth155,13755,1BY20IS156,7010896849,ISE,4thYear,L
Stdfth156,13756,1BY20IS157,1184442070,ISE,4thYear,L
Stdfth157,13757,1BY20IS158,7420553152,ISE,4thYear,L
Stdfth158,13758,1BY20IS159,9321722066,ISE,4thYear,L
Stdfth159,13759,1BY20IS160,9146311723,ISE,4thYear,L
Stdfth160,13760,1BY20IS161,8733589712,ISE,4thYear,L
Stdfth161,13761,1BY20IS162,6862916322,ISE,4thYear,L
Stdfth162,13762,1BY20IS163,5813443880,ISE,4thYear,L
Stdfth163,13763,1BY20IS164,5325200107,ISE,4thYear,L
Stdfth164,13764,1BY20IS165,0645148791,ISE,4thYear,L
Stdfth165,13765,1BY20IS166,0975141244,ISE,4thYear,L
Stdfth166,13766,1BY20IS167,8608559903,ISE,4thYear,L
Stdfth167,13767,1BY20IS168,4993926927,ISE,4thYear,L
Stdfth168,13768,1BY20IS169,8970705681,ISE,4thYear,L
Stdfth169,13769,1BY20IS170,3668644620,ISE,4thYear,L
Stdfth170,13770,1BY20IS171,3772228067,ISE,4thYear,L
Stdfth171,13771,1BY20IS172,8269025532,ISE,4thYear,L
Stdfth172,13772,1BY20IS173,1925842267,ISE,4thYear,L
Stdfth173,13773,1BY20IS174,9010026756,ISE,4thYear,L
Stdfth174,13774,1BY20IS175,6621508604,ISE,4thYear,L
Stdfth175,13775,1BY20IS176,7184298092,ISE,4thYear,L
Stdfth176,13776,1BY20IS177,0508530520,ISE,4thYear,L
Stdfth177,13777,1BY20IS178,8917257723,ISE,4thYear,L
Stdfth178,13778,1BY20IS179,2859425739,ISE,4thYear,L
Stdfth179,13779,1BY20IS180,8192858470,ISE,4thYear,L
Stdfth180,13780,1BY20IS181,9536851504,ISE,4thYear,L


